surface_id,surface_label,fluid,category,source_paper,Ra_um,theta_deg,delta_T_wall_K,q_flux_W_m2,r_c_min_um,r_c_max_um,r_c_geomean_um,no_solution
SFC-001,BETZ_Hydrophilic,water,betz,BETZ_2013,0.001,20.0,10.4049,171745.15,0.061007902149222366,40.966098866624606,1.58090346039548,False
SFC-002,BETZ_Hydrophobic,water,betz,BETZ_2013,0.001,115.0,3.1478,301939.06,0.061452076645106164,6.998557578581884,0.6558017205864913,False
SFC-003,BETZ_SHPi,water,betz,BETZ_2013,0.001,0.0,3.4818,253462.6,0.06132140153657364,9.241343946957237,0.7527895874073637,False
SFC-004,BETZ_SHPo,water,betz,BETZ_2013,0.001,158.0,3.5729,198060.94,0.06122401698970728,12.155070316754058,0.862659974488232,False
SFC-005,BETZ_Biphilic,water,betz,BETZ_2013,0.001,70.0,3.5431,29221.92,0.06096244439809605,82.04829509965816,2.236484882124511,False
SFC-006,BETZ_SBPi_circle,water,betz,BETZ_2013,0.001,75.0,0.6825,161431.59,0.06227158664312737,2.8007959588166353,0.41762424285375377,False
SFC-007,BETZ_SBPi_hex,water,betz,BETZ_2013,0.001,75.0,1.4231,181560.42,0.061632818810857075,5.24637681662584,0.5686378388329267,False
SFC-003,BETZ_SHPi,water,betz,BETZ_2013,0.001,0.0,3.0565,57210.01,0.06102009686747437,36.11908624870569,1.4845841645594509,False
SFC-001,BETZ_Hydrophilic,water,betz,BETZ_2013,0.001,20.0,15.4381,68671.06,0.06094157689652695,152.18213831248713,3.0453603209223594,False
SFC-005,BETZ_Biphilic,water,betz,BETZ_2013,0.001,70.0,4.4942,224795.05,0.06119376921592759,13.47769792919226,0.908158101126107,False
SFC-021,BOURDON12_S1,water,bourdon12,BOURDON_2012,0.0097,0.0,8.9389,2972.62,0.06091900491382928,2036.3346623227642,11.137840064403932,False
SFC-022,BOURDON12_S2,water,bourdon12,BOURDON_2012,0.0086,0.0,10.9894,3220.07,0.060918788259157676,2311.0784271855246,11.865416021194626,False
SFC-023,BOURDON12_S3,water,bourdon12,BOURDON_2012,0.0076,0.0,12.6333,2981.08,0.060918475630763365,2869.798618755621,13.222093526437584,False
SFC-025,BOURDON12_S1_grafted_C,water,bourdon12,BOURDON_2012,0.0097,108.0,5.2071,1563.15,0.06091882760749403,2255.8021056777175,11.722662649432632,False
SFC-024,BOURDON12_S1_grafted,water,bourdon12,BOURDON_2012,0.0097,108.0,5.1673,1984.04,0.06091928667552758,1763.663448622882,10.365380804669309,False
SFC-021,BOURDON12_S1,water,bourdon12,BOURDON_2012,0.0097,0.0,8.9402,2643.57,0.060918802939459,2290.141570257895,11.811548713949577,False
SFC-029,BOURDON15_OTS,water,bourdon15,BOURDON_2015,0.00043,101.6,2.6,15000.0,0.06094882941571944,117.32052320638537,2.6740509635885656,False
SFC-028,BOURDON15_AcOUTES,water,bourdon15,BOURDON_2015,0.00043,70.8,4.5043,15000.0,0.060935441911326105,203.2934355161113,3.519627157931067,False
SFC-027,BOURDON15_MPEGPTMS,water,bourdon15,BOURDON_2015,0.00043,33.5,9.3826,15000.0,0.06092594556207397,423.53268925563304,5.079776527500742,False
SFC-026,BOURDON15_NotGrafted,water,bourdon15,BOURDON_2015,0.00043,11.1,18.4348,15000.0,0.060921641936816165,832.2098324679039,7.1203644169317215,False
SFC-029,BOURDON15_OTS,water,bourdon15,BOURDON_2015,0.00043,101.6,5.0306,8941.61,0.06092692561133031,380.9360462726207,4.81759921059507,False
SFC-039,JABARDO_Br_Ra0p08P,R-134a,jabardo_br,JABARDO_2009,0.08,,6.1788,4535.87,0.008842018799108018,115.95330409533791,1.0125518725624216,False
SFC-040,JABARDO_Br_Ra0p90SP,R-134a,jabardo_br,JABARDO_2009,0.9,,3.4611,5485.45,0.008842800413595869,53.7035613774534,0.689122539727236,False
SFC-041,JABARDO_Br_Ra1p2SPI,R-134a,jabardo_br,JABARDO_2009,1.2,,2.4645,1878.98,0.008842044808768351,111.6464650575669,0.9935708564463818,False
SFC-042,JABARDO_Br_Ra1p8SPI,R-134a,jabardo_br,JABARDO_2009,1.8,,2.0743,5727.61,0.008843881570482463,30.820965112265686,0.5220890396674206,False
SFC-043,JABARDO_Br_Ra3p5SPI,R-134a,jabardo_br,JABARDO_2009,3.5,,2.0715,8092.22,0.008844934642463874,21.782797376138667,0.4389389697007775,False
SFC-039,JABARDO_Br_Ra0p08P,R-134a,jabardo_br,JABARDO_2009,0.08,,3.3283,7368.64,0.008843378497718542,38.442173625186534,0.5830597667842787,False
SFC-040,JABARDO_Br_Ra0p90SP,R-134a,jabardo_br,JABARDO_2009,0.9,,2.052,7625.25,0.008844759487388231,22.89961944670742,0.45004624913318125,False
SFC-041,JABARDO_Br_Ra1p2SPI,R-134a,jabardo_br,JABARDO_2009,1.2,,1.7307,5387.03,0.008844204644736961,27.340385882589135,0.49173566863884877,False
SFC-042,JABARDO_Br_Ra1p8SPI,R-134a,jabardo_br,JABARDO_2009,1.8,,1.2353,5431.09,0.008845385477076341,19.353508218335964,0.41375021513583116,False
SFC-043,JABARDO_Br_Ra3p5SPI,R-134a,jabardo_br,JABARDO_2009,3.5,,1.1842,7924.54,0.008847498032187992,12.712224195430666,0.335367527578037,False
SFC-044,JABARDO_SS_Ra0p03P,R-134a,jabardo_ss,JABARDO_2009,0.03,,6.55,4033.78,0.008841910177662895,138.22099544284478,1.1055033362106086,False
SFC-045,JABARDO_SS_Ra0p07SP,R-134a,jabardo_ss,JABARDO_2009,0.07,,5.4483,3270.79,0.00884189593001387,141.79273395893924,1.1196948679426393,False
SFC-046,JABARDO_SS_Ra0p45SP,R-134a,jabardo_ss,JABARDO_2009,0.45,,4.7613,4495.71,0.008842211807586929,90.14826383649783,0.8928101942342185,False
SFC-047,JABARDO_SS_Ra0p90SPI,R-134a,jabardo_ss,JABARDO_2009,0.9,,4.1697,2217.54,0.008841833005679749,160.0597235685388,1.189630760668319,False
SFC-048,JABARDO_SS_Ra1p45SPI,R-134a,jabardo_ss,JABARDO_2009,1.45,,3.598,4301.59,0.008842442696754759,71.19523281368372,0.7934354204578419,False
SFC-049,JABARDO_SS_Ra2p50SPI,R-134a,jabardo_ss,JABARDO_2009,2.5,,2.572,4451.48,0.008842934442947504,49.17690084918639,0.6594453050228538,False
SFC-050,JABARDO_SS_Ra3p20SPI,R-134a,jabardo_ss,JABARDO_2009,3.2,,2.5929,4374.57,0.00884289436713048,50.4483519991495,0.6679142517751023,False
SFC-044,JABARDO_SS_Ra0p03P,R-134a,jabardo_ss,JABARDO_2009,0.03,,4.123,8625.46,0.008843266461962856,40.68266378376672,0.5998063322625856,False
SFC-045,JABARDO_SS_Ra0p07SP,R-134a,jabardo_ss,JABARDO_2009,0.07,,3.7277,6729.86,0.008843003012437463,47.1439724609537,0.6456735169499229,False
SFC-046,JABARDO_SS_Ra0p45SP,R-134a,jabardo_ss,JABARDO_2009,0.45,,3.5798,8973.71,0.008843647652708135,33.95051179177597,0.5479474098082584,False
SFC-047,JABARDO_SS_Ra0p90SPI,R-134a,jabardo_ss,JABARDO_2009,0.9,,3.0664,8582.46,0.008843916179281862,30.406289344763053,0.5185659787221638,False
SFC-048,JABARDO_SS_Ra1p45SPI,R-134a,jabardo_ss,JABARDO_2009,1.45,,3.0074,8582.14,0.008843966561293253,29.822189950870634,0.513562509058085,False
SFC-049,JABARDO_SS_Ra2p50SPI,R-134a,jabardo_ss,JABARDO_2009,2.5,,2.2676,6235.89,0.008843871246752271,30.94686174865816,0.5231539551567737,False
SFC-050,JABARDO_SS_Ra3p20SPI,R-134a,jabardo_ss,JABARDO_2009,3.2,,2.2729,5861.07,0.008843713756062322,33.003482329782,0.5402530431916631,False
SFC-032,JABARDO_Cu_Ra0p16SP,R-123,jabardo,JABARDO_2009,0.16,,8.084,1657.99,0.04880159325084498,368.73245584653046,4.2420197227980365,False
SFC-033,JABARDO_Cu_Ra0p47SP,R-123,jabardo,JABARDO_2009,0.47,,7.0583,1665.28,0.048802564535962024,320.5318361723531,3.955094894010973,False
SFC-038,JABARDO_Cu_Ra10p5SPI,R-123,jabardo,JABARDO_2009,10.5,,4.2176,2016.61,0.04881019621280413,158.1371426687596,2.778255740963088,False
SFC-036,JABARDO_Cu_Ra3p3SPI,R-123,jabardo,JABARDO_2009,3.3,,7.3272,1700.0,0.04880244106354263,325.9481704896254,3.988366379871525,False
SFC-037,JABARDO_Cu_Ra4p6SPI,R-123,jabardo,JABARDO_2009,4.6,,10.0348,4225.59,0.048808398281041,179.56751721099448,2.960473424702864,False
SFC-032,JABARDO_Cu_Ra0p16SP,R-123,jabardo,JABARDO_2009,0.16,,6.8606,4307.37,0.04881491543606817,120.4199236420682,2.4245181767529287,False
SFC-033,JABARDO_Cu_Ra0p47SP,R-123,jabardo,JABARDO_2009,0.47,,5.4046,5129.82,0.04882505095952319,79.63788065924575,1.9718832575728462,False
SFC-038,JABARDO_Cu_Ra10p5SPI,R-123,jabardo,JABARDO_2009,10.5,,2.4078,2081.2,0.048822375213435784,87.45580820457899,2.066349506438403,False
SFC-036,JABARDO_Cu_Ra3p3SPI,R-123,jabardo,JABARDO_2009,3.3,,4.1764,8377.33,0.04885844319764963,37.65804825622646,1.356434153087126,False
SFC-037,JABARDO_Cu_Ra4p6SPI,R-123,jabardo,JABARDO_2009,4.6,,2.6847,2070.66,0.048819439032810774,98.01558869278158,2.1874793842348113,False
SFC-031,JABARDO_Cu_Ra0p07P,R-134a,jabardo,JABARDO_2009,0.07,,8.3105,9795.79,0.0088424272387372,72.21164129915472,0.7990783340684228,False
SFC-034,JABARDO_Cu_Ra0p5SP,R-134a,jabardo,JABARDO_2009,0.5,,3.909,3406.11,0.008842144870580174,97.68781558431319,0.9293921763642174,False
SFC-038,JABARDO_Cu_Ra10p5SPI,R-134a,jabardo,JABARDO_2009,10.5,,2.6766,4169.38,0.008842775447085772,54.64046939572656,0.6951067552468271,False
SFC-035,JABARDO_Cu_Ra2p5SPI,R-134a,jabardo,JABARDO_2009,2.5,,2.3951,4528.08,0.008843081303072464,45.01911622941374,0.6309577680076336,False
SFC-037,JABARDO_Cu_Ra4p6SPI,R-134a,jabardo,JABARDO_2009,4.6,,3.2362,2127.93,0.008841948474889066,129.45566495071873,1.0698786469860764,False
SFC-031,JABARDO_Cu_Ra0p07P,R-134a,jabardo,JABARDO_2009,0.07,,3.49,6292.74,0.008843000910007148,47.20380335924383,0.6460830256720815,False
SFC-034,JABARDO_Cu_Ra0p5SP,R-134a,jabardo,JABARDO_2009,0.5,,3.2278,8323.12,0.008843713663054762,33.00477768226673,0.5402636424327915,False
SFC-038,JABARDO_Cu_Ra10p5SPI,R-134a,jabardo,JABARDO_2009,10.5,,2.4296,4336.83,0.008842984295702414,47.68200951779866,0.6493467959060293,False
SFC-035,JABARDO_Cu_Ra2p5SPI,R-134a,jabardo,JABARDO_2009,2.5,,2.0344,6581.02,0.008844317040115957,26.306911134077453,0.4823553279647042,False
SFC-037,JABARDO_Cu_Ra4p6SPI,R-134a,jabardo,JABARDO_2009,4.6,,2.3324,8471.75,0.008844682414468081,23.428186983242387,0.45520860428330434,False
SFC-020,JONES_EDM10p0,water,jones,JONES_2009,10.0,,3.9881,6617.85,0.06092627835287157,408.039062585662,4.986010580207269,False
SFC-017,JONES_EDM1p08,water,jones,JONES_2009,1.08,,4.4643,6691.54,0.060925398355361926,451.73754436526815,5.246169063471644,False
SFC-018,JONES_EDM2p22,water,jones,JONES_2009,2.22,,4.9107,7147.46,0.060925160334795815,465.2134477741454,5.3238335713603,False
SFC-019,JONES_EDM5p89,water,jones,JONES_2009,5.89,,5.0298,7165.88,0.06092499145881827,475.2728211609856,5.381077268525468,False
SFC-015,JONES_Polished_w,water,jones_w,JONES_2009,0.038,,11.1905,18564.06,0.06092627568405149,408.1588033907433,4.986742000370281,False
SFC-008,JO_Hydrophilic,water,jo,JO_2011,0.00175,54.0,10.6522,36833.94,0.060936142645287454,195.78230962362773,3.4540148735419796,False
SFC-009,JO_Hydrophobic,water,jo,JO_2011,0.00175,123.0,1.6957,7386.07,0.060941069815999366,155.41137328819008,3.077488480848617,False
SFC-010,PHAN_SiOx,water,phan,PHAN_2009,0.03,22.0,18.9556,127923.38,0.06095420813276162,100.28620272592556,2.472421095566124,False
SFC-011,PHAN_TiO2,water,phan,PHAN_2009,0.03,31.0,14.7124,59479.7,0.06093935240047315,167.44577391210436,3.1943758426959845,False
SFC-012,PHAN_Pt,water,phan,PHAN_2009,0.03,67.0,24.8896,172459.04,0.060955199011421275,97.6738868644769,2.440026887565634,False
SFC-013,PHAN_Fe2O3,water,phan,PHAN_2009,0.03,80.0,13.5093,66763.15,0.06094428770897304,136.96837158834353,2.8891936323323044,False
SFC-014,PHAN_ref,water,phan,PHAN_2009,0.03,85.0,12.2663,82151.0,0.06095392640910651,101.0546524030761,2.4818698285516385,False
